{
    "accessTokens": {
        "href": "https://api.stormpath.com/v1/accounts/5LJuP3l2Lke9XWL4Vpie3o/accessTokens"
    },
    "accountLinks": {
        "href": "https://api.stormpath.com/v1/accounts/5LJuP3l2Lke9XWL4Vpie3o/accountLinks"
    },
    "apiKeys": {
        "href": "https://api.stormpath.com/v1/accounts/5LJuP3l2Lke9XWL4Vpie3o/apiKeys"
    },
    "applications": {
        "href": "https://api.stormpath.com/v1/accounts/5LJuP3l2Lke9XWL4Vpie3o/applications"
    },
    "createdAt": "2017-02-13T19:00:29.012Z",
    "customData": {
        "href": "https://api.stormpath.com/v1/accounts/5LJuP3l2Lke9XWL4Vpie3o/customData"
    },
    "directory": {
        "href": "https://api.stormpath.com/v1/directories/5LInED46hB6nv9auaOrIYW"
    },
    "email": "tthompson@okta.com",
    "emailVerificationStatus": "UNVERIFIED",
    "emailVerificationToken": null,
    "factors": {
        "href": "https://api.stormpath.com/v1/accounts/5LJuP3l2Lke9XWL4Vpie3o/factors"
    },
    "fullName": "John Doe",
    "givenName": "John",
    "groupMemberships": {
        "href": "https://api.stormpath.com/v1/accounts/5LJuP3l2Lke9XWL4Vpie3o/groupMemberships"
    },
    "groups": {
        "href": "https://api.stormpath.com/v1/accounts/5LJuP3l2Lke9XWL4Vpie3o/groups"
    },
    "href": "https://api.stormpath.com/v1/accounts/5LJuP3l2Lke9XWL4Vpie3o",
    "linkedAccounts": {
        "href": "https://api.stormpath.com/v1/accounts/5LJuP3l2Lke9XWL4Vpie3o/linkedAccounts"
    },
    "middleName": "Richard",
    "modifiedAt": "2017-02-13T19:00:29.012Z",
    "passwordModifiedAt": "2017-02-13T19:00:29.000Z",
    "phones": {
        "href": "https://api.stormpath.com/v1/accounts/5LJuP3l2Lke9XWL4Vpie3o/phones"
    },
    "providerData": {
        "href": "https://api.stormpath.com/v1/accounts/5LJuP3l2Lke9XWL4Vpie3o/providerData"
    },
    "refreshTokens": {
        "href": "https://api.stormpath.com/v1/accounts/5LJuP3l2Lke9XWL4Vpie3o/refreshTokens"
    },
    "status": "ENABLED",
    "surname": "Doe",
    "tenant": {
        "href": "https://api.stormpath.com/v1/tenants/5LIIxq0pDnoL5UdxzeESWS"
    },
    "username": "test-stormpath-user@okta.com"
}