{
  "href": "https://api.stormpath.com/v1/directories/5LInED46hB6nv9auaOrIYW",
  "name": "Stormpath Directory 123",
  "description": "A demo cloud directory",
  "status": "ENABLED",
  "createdAt": "2017-02-13T19:00:29.001Z",
  "modifiedAt": "2017-02-13T19:00:29.001Z",
  "tenant": {
    "href": "https://api.stormpath.com/v1/tenants/5LIIxq0pDnoL5UdxzeESWS"
  },
  "provider": {
    "href": "https://api.stormpath.com/v1/directories/5LInED46hB6nv9auaOrIYW/provider"
  },
  "customData": {
    "href": "https://api.stormpath.com/v1/directories/5LInED46hB6nv9auaOrIYW/customData"
  },
  "passwordPolicy": {
    "href": "https://api.stormpath.com/v1/passwordPolicies/5LInED46hB6nv9auaOrIYW"
  },
  "accountCreationPolicy": {
    "href": "https://api.stormpath.com/v1/accountCreationPolicies/5LInED46hB6nv9auaOrIYW"
  },
  "accounts": {
    "href": "https://api.stormpath.com/v1/directories/5LInED46hB6nv9auaOrIYW/accounts"
  },
  "applicationMappings": {
    "href": "https://api.stormpath.com/v1/directories/5LInED46hB6nv9auaOrIYW/applicationMappings"
  },
  "applications": {
    "href": "https://api.stormpath.com/v1/directories/5LInED46hB6nv9auaOrIYW/applications"
  },
  "groups": {
    "href": "https://api.stormpath.com/v1/directories/5LInED46hB6nv9auaOrIYW/groups"
  },
  "organizations": {
    "href": "https://api.stormpath.com/v1/directories/5LInED46hB6nv9auaOrIYW/organizations"
  },
  "organizationMappings": {
    "href": "https://api.stormpath.com/v1/directories/5LInED46hB6nv9auaOrIYW/organizationMappings"
  },
  "accountSchema": {
    "href": "https://api.stormpath.com/v1/schemas/5LIvsJeTP03DsCRBKKSxzg"
  }
}